Rahmetle, hÃ¼rmetle, Ã¶zlemle... #AliyaÄ°zzetbegoviÃ§ https://t.co/NQvQjVg1a8
Ä°bn Haldun Ãœniversitesi KÃ¼lliyesi AÃ§Ä±lÄ±ÅŸ TÃ¶reni https://t.co/Mn66E4hrVj
EdebiyatÄ±mÄ±zÄ±n mÃ¼stesna ismi, eserleriyle ufkumuzu aydÄ±nlatan KudÃ¼s Åairi merhum Nuri Pakdil'i vefatÄ±nÄ±n yÄ±l dÃ¶nÃ¼mÃ¼nde rahmetle, hÃ¼rmetle yÃ¢d ediyorum. https://t.co/YBiUzcppew
Kuzey KÄ±brÄ±s TÃ¼rk Cumhuriyeti CumhurbaÅŸkanÄ± seÃ§ilen SayÄ±n Ersin Tatar'Ä± ÅŸahsÄ±m ve TÃ¼rk Milleti adÄ±na tebrik ediyorum.\n\nTÃ¼rkiye, KÄ±brÄ±s TÃ¼rk halkÄ±nÄ±n hak ve hukukunun korunmasÄ± iÃ§in gereken her tÃ¼rlÃ¼ Ã§abayÄ± gÃ¶stermeyi sÃ¼rdÃ¼recektir.
YÃ¼reÄŸimiz toplu vurduÄŸu mÃ¼ddetÃ§e, her tÃ¼rlÃ¼ tefrikayÄ± bÃ¼nyemizden uzak tuttuÄŸumuz sÃ¼rece, Allahâ€™Ä±n izniyle bu Ã¼lkenin yÃ¼kseliÅŸinin, bu milletin zenginliÄŸinin Ã¶nÃ¼nde duracak hiÃ§bir gÃ¼Ã§ yoktur. https://t.co/DsbgQDBmlO
ÅÄ±rnakâ€™ta yapÄ±mÄ± tamamlanan projelerin toplu aÃ§Ä±lÄ±ÅŸ tÃ¶renini gerÃ§ekleÅŸtiriyoruz. https://t.co/jBD5BRIrja
Can kardeÅŸimiz, can dostumuz Azerbaycanâ€™Ä±n 18 Ekim BaÄŸÄ±msÄ±zlÄ±k GÃ¼nÃ¼â€™nÃ¼ tebrik ediyorum. \n\nâ€œTek Millet, Ä°ki Devletâ€ anlayÄ±ÅŸÄ±yla, Azerbaycanâ€™Ä± her alanda desteklemeye ve vatan mÃ¼cadelelerinde kardeÅŸlerimizin yanÄ±nda olmaya devam edeceÄŸiz. https://t.co/Dun02h22Pm
AK Parti ÅÄ±rnak Ä°l Kongremizdeyiz https://t.co/LmVjoyG0b0
NasÄ±l baÅŸladÄ±?     /     NasÄ±l gidiyor? \n\n#MilliEnerjideYeniMÃ¼jde ğŸ‡¹ğŸ‡· https://t.co/zZGpnSzduV
Tuna-1 kuyusundan Ã§Ä±kartacaÄŸÄ±mÄ±z, yeni rakamÄ±yla 405 milyar metrekÃ¼p doÄŸal gazÄ±n Ã¼lkemize ve milletimize hayÄ±rlÄ±, bereketli olmasÄ±nÄ± diliyorum. https://t.co/CnMrv30mMM
Fatih Sondaj Gemimizden Milletimize #MilliEnerjideYeniMÃ¼jde https://t.co/748SzSHwlT
AK Parti MKYK Ã¼yemiz, Ä°stanbul Milletvekilimiz, sevgili kardeÅŸim Markar Esayanâ€™Ä±n vefatÄ±nÄ± bÃ¼yÃ¼k bir Ã¼zÃ¼ntÃ¼yle Ã¶ÄŸrendim. \n\nMÃ¼teveffa Markar kardeÅŸimizin ailesine, sevenlerine baÅŸsaÄŸlÄ±ÄŸÄ± diliyorum. Ãœlkemiz siyasetine ve demokrasimize yaptÄ±ÄŸÄ± katkÄ±larÄ± hiÃ§bir zaman unutmayacaÄŸÄ±z. https://t.co/o8EkXfNQDY
Ukrayna Devlet BaÅŸkanÄ± Vladimir Zelenskiy ile Ortak BasÄ±n ToplantÄ±sÄ± https://t.co/1Qdvq7cmpt
TÃ¼rkiyeâ€™yi yeniden siyasi ve kurumsal iÃ§ mÃ¼cadeleler bataklÄ±ÄŸÄ±na sÃ¼rÃ¼klemek isteyenlere bekledikleri fÄ±rsatÄ± vermeyeceÄŸiz. \n\nBiz Ã¶nÃ¼mÃ¼ze bakmaya, taahhÃ¼tlerimizi yerine getirmeye, hedeflerimize ulaÅŸmak iÃ§in adÄ±m adÄ±m ilerlemeye, mÃ¼cadeleyi kararlÄ±lÄ±kla sÃ¼rdÃ¼rmeye devam edeceÄŸiz. https://t.co/XZgZIxN9vM
Ä°nsanlÄ±k tarihinin en kadim topraklarÄ±nda yaÅŸayan bir millet olarak maziden atiye kurduÄŸumuz kÃ¶prÃ¼nÃ¼n zenginliklerinin tamamÄ±na sahip Ã§Ä±kacak nesiller yetiÅŸtirmek istiyoruz. https://t.co/Lc9QFfpUI2
2020-2021 YÃ¼ksekÃ¶ÄŸretim Akademik YÄ±lÄ± AÃ§Ä±lÄ±ÅŸ TÃ¶reni https://t.co/PuzlEnkvsJ
TÃ¼rkiye olarak hem imkÃ¢nlarÄ±mÄ±zla hem tÃ¼m kalbimizle sonuna kadar Azerbaycanâ€™Ä±n yanÄ±nda olmayÄ± sÃ¼rdÃ¼receÄŸiz. https://t.co/B4jaj9wLxv
Milletimizin beklentilerine cevap verecek kanunlarÄ±n hazÄ±rlÄ±klarÄ±nÄ± titizlikle takip ediyoruz. https://t.co/qt3MSTdBea
EylÃ¼l ayÄ± ihracatÄ±mÄ±z 16 milyar dolarÄ±n Ã¼zerine Ã§Ä±karak Cumhuriyet tarihinin rekorunu kÄ±rmÄ±ÅŸtÄ±r. https://t.co/MbQNcTk98q
Cumartesi gÃ¼nÃ¼ Fatih sondaj gemimize giderek hem Ã§alÄ±ÅŸmalarÄ± bizzat yerinde gÃ¶recek hem de yeni rezerv miktarÄ±nÄ± milletimize mÃ¼jdeleyeceÄŸiz. https://t.co/57s7JLOO4J
Ä°nsanlarÄ± acÄ±masÄ±zca katletmekten ormanlarÄ± yakmaya, Ã§ocuklarÄ± kaÃ§Ä±rmaktan kadÄ±nlara tecavÃ¼ze kadar her melanete bulaÅŸmÄ±ÅŸ terÃ¶r Ã¶rgÃ¼tÃ¼nÃ¼ savunmak, bir meslek kuruluÅŸunun gÃ¶revi olamaz. https://t.co/WbdNXPOxCx
AK Parti Grup ToplantÄ±sÄ± https://t.co/yRg8aeOAOC
GeÃ§irdiÄŸi rahatsÄ±zlÄ±k nedeniyle bir sÃ¼redir tedavi gÃ¶rdÃ¼ÄŸÃ¼ hastanede vefat eden Kilis Belediye BaÅŸkanÄ± Mehmet Abdi Bulutâ€™a Allahâ€™tan rahmet, ailesine, sevenlerine ve Kilisli kardeÅŸlerime baÅŸsaÄŸlÄ±ÄŸÄ± diliyorum. MekÃ¢nÄ± cennet olsun.
KÄ±sa bir hatÄ±rlatma... https://t.co/nXtXqzHV8S
KÄ±ta ile bin yÄ±llÄ±k kadim baÄŸlarÄ± olan TÃ¼rkiye, AfrikalÄ±larÄ±n kader ortaÄŸÄ±dÄ±r. Afrikaâ€™yla iliÅŸkilerimizin Ã¶zÃ¼ samimiyettir, kardeÅŸliktir, dayanÄ±ÅŸmadÄ±r. https://t.co/FoIpY69kpi
TÃ¼rkiye - Afrika Ekonomi ve Ä°ÅŸ Forumu AÃ§Ä±lÄ±ÅŸ Oturumu https://t.co/afGQ68BXCH
TÃ¼rkiye'nin siyasi, diplomatik ve askeri gÃ¼cÃ¼nÃ¼n de desteÄŸiyle KÄ±brÄ±s'ta artÄ±k eskilerin 'Zor oyunu bozar' dediÄŸi yere doÄŸru gidiyoruz. https://t.co/2VCrastMTd
IrkÃ§Ä±lÄ±k ve Ä°slam dÃ¼ÅŸmanlÄ±ÄŸÄ±yla yÃ¼zleÅŸmek yerine hedef saptÄ±ranlar, en bÃ¼yÃ¼k kÃ¶tÃ¼lÃ¼ÄŸÃ¼ kendi toplumlarÄ±na yapmaktadÄ±r. \n\nBugÃ¼n gÃ¶rmezden geldikleri sorunlar, yarÄ±n daha bÃ¼yÃ¼k felaketler olarak karÅŸÄ±larÄ±na Ã§Ä±kacaktÄ±r. https://t.co/Xoo37RShru
BÃ¶lgemizde ve dÃ¼nyada hoÅŸgÃ¶rÃ¼sÃ¼zlÃ¼k ne kadar artarsa artsÄ±n, biz hep farklÄ± yerde durmaya, hoÅŸgÃ¶rÃ¼yÃ¼ yÃ¼celtmeye devam edeceÄŸiz.\n\nBin yÄ±ldÄ±r olduÄŸu gibi gelecekte de tÃ¼m insanlÄ±ÄŸÄ±n barÄ±ÅŸ, huzur ve esenliÄŸi adÄ±na mÃ¼cadele etmeyi sÃ¼rdÃ¼receÄŸiz. https://t.co/VXYMLhNAcM
Camiler ve Din GÃ¶revlileri HaftasÄ± ProgramÄ± https://t.co/5BlV00Ohlv
SalgÄ±nÄ±n saÄŸlÄ±k boyutu yanÄ±nda diÄŸer tÃ¼m etkilerini azaltmayÄ± amaÃ§layan pek Ã§ok tedbiri, desteÄŸi, teÅŸviki hayata geÃ§irmeyi sÃ¼rdÃ¼rÃ¼yoruz. https://t.co/I0yXSc9c2h
Kabine ToplantÄ±sÄ± SonrasÄ± Millete SesleniÅŸ https://t.co/DwE9NxEljx
Ã–mrÃ¼nÃ¼ Ä°slamâ€™Ä± Ã¶ÄŸretmeye, anlatmaya ve ahlaklÄ± nesiller yetiÅŸtirmeye vakfetmiÅŸ olan, Ä°stanbul Ä°lim ve KÃ¼ltÃ¼r VakfÄ± BaÅŸkanÄ± Mehmet FÄ±rÄ±ncÄ±â€™ya Allahâ€™tan rahmet, yakÄ±nlarÄ±na ve sevenlerine baÅŸsaÄŸlÄ±ÄŸÄ± diliyorum. MekÃ¢nÄ± cennet olsun.
TÃ¼rk Konseyiâ€™nin kuruluÅŸ yÄ±l dÃ¶nÃ¼mÃ¼nÃ¼ de temsil eden 3 Ekim TÃ¼rk Dili KonuÅŸan Ãœlkeler Ä°ÅŸ BirliÄŸi GÃ¼nÃ¼'nÃ¼ gÃ¶nÃ¼lden tebrik ediyorum.\n\nTÃ¼rk Konseyi olarak birliÄŸimizin, beraberliÄŸimizin ve dayanÄ±ÅŸmamÄ±zÄ±n her alanda artarak devam etmesi iÃ§in Ã§alÄ±ÅŸmaya devam edeceÄŸiz. https://t.co/BoIWoHO86T
BugÃ¼n aÃ§Ä±lÄ±ÅŸÄ±nÄ± gerÃ§ekleÅŸtirdiÄŸimiz ReyhanlÄ± BarajÄ±â€™nÄ±n Ã¼lkemize, milletimize, ÅŸehrimize hayÄ±rlÄ± olmasÄ±nÄ± diliyorum. https://t.co/2NSxqIL9Yj
ReyhanlÄ± BarajÄ± ve Ã§eÅŸitli projelerin aÃ§Ä±lÄ±ÅŸ tÃ¶renini gerÃ§ekleÅŸtiriyoruz. https://t.co/KeCU6GolV4
UnutulmamalÄ±dÄ±r ki; cezasÄ±z kalan her suÃ§, faili daha da azgÄ±nlaÅŸtÄ±rÄ±r. Hesap sorulmayan her cÃ¼rÃ¼m, yeni zulÃ¼mlere davetiye Ã§Ä±karÄ±r. https://t.co/JI7fkpPdpB
TÃ¼rkiyeâ€™nin geleceÄŸi bizim Ã§alÄ±ÅŸmamÄ±za, deÄŸer Ã¼retmemize, hizmet Ã¼retmemize, gayret gÃ¶stermemize baÄŸlÄ±dÄ±r. https://t.co/EXw05ptuJG
BugÃ¼n resmÃ® aÃ§Ä±lÄ±ÅŸÄ±nÄ± gerÃ§ekleÅŸtirdiÄŸimiz Konya Åehir Hastanemizin Ã¼lkemize, milletimize, ÅŸehrimize hayÄ±rlÄ± olmasÄ±nÄ± diliyorum. https://t.co/UYzwlaQOJ8
AK Parti'mizin kurucularÄ±ndan, eski BayÄ±ndÄ±rlÄ±k ve Ä°skÃ¢n BakanÄ±mÄ±z, yol ve dava arkadaÅŸÄ±mÄ±z Zeki Ergezen beyefendinin vefatÄ±ndan dolayÄ± derin Ã¼zÃ¼ntÃ¼ duydum.\n\nZeki Ergezen'e Allahâ€™tan rahmet, ailesine ve sevenlerine baÅŸsaÄŸlÄ±ÄŸÄ± diliyorum. MekÃ¢nÄ± cennet olsun.
AK Parti Konya Ä°l TeÅŸkilatÄ±mÄ±z ile birlikteyiz. https://t.co/hCX5jI35Xp
Konya Åehir Hastanemizin aÃ§Ä±lÄ±ÅŸÄ±nÄ± gerÃ§ekleÅŸtiriyoruz. https://t.co/UkyE9kY61u
I wish a speedy recovery to U.S. President @realDonaldTrump and @FLOTUS Melania Trump, who tested positive for COVID-19.\n\nI sincerely hope that they will overcome the quarantine period without problems and regain their health as soon as possible.
Ä°ÅŸgal altÄ±ndaki topraklarÄ±nÄ± kurtarma ve vatanlarÄ±nÄ± koruma mÃ¼cadelelerinde, AzerbaycanlÄ± kardeÅŸlerimizin yanÄ±ndayÄ±z. \n\nBÃ¶lgede kalÄ±cÄ± barÄ±ÅŸÄ±n yolu, Ermenistan'Ä±n iÅŸgal ettiÄŸi her karÄ±ÅŸ Azerbaycan topraÄŸÄ±ndan geri Ã§ekilmesinden geÃ§mektedir. https://t.co/NqX2JwIBb9
TÃ¼rkiye BÃ¼yÃ¼k Millet Meclisimizin yasama alanÄ±nda temsilcisi olduÄŸu kadim ve asil duruÅŸ, evlatlarÄ±mÄ±za bÄ±rakacaÄŸÄ±mÄ±z en kÄ±ymetli hazinedir.ğŸ‡¹ğŸ‡· https://t.co/LpsQgl2sQM
Ä°nÅŸallah bu virÃ¼sÃ¼ hep birlikte yenecek, hep birlikte kol kola saÄŸlÄ±klÄ±, huzurlu, mÃ¼reffeh, esenlik dolu bir geleceÄŸe yÃ¼rÃ¼meyi sÃ¼rdÃ¼receÄŸiz. https://t.co/cAKlrjeaJQ
TÃ¼rkiyeâ€™yi her alanda olduÄŸu gibi ekonomide de 2023 hedeflerimize ulaÅŸtÄ±racaÄŸÄ±z. https://t.co/S60R9vC6p0
AsÄ±rlarca birlikte yaÅŸadÄ±ÄŸÄ±mÄ±z mazlum Filistin halkÄ±nÄ±n her platformda haklarÄ±nÄ± dile getirmeyi, Ã¼lkemiz ve milletimiz adÄ±na bir ÅŸeref kabul ediyoruz. https://t.co/lbmIydwKZV
Akdenizâ€™de diyalog kanallarÄ±nÄ± aÃ§Ä±k tutan kararlÄ± duruÅŸumuzu sonuna kadar koruyacaÄŸÄ±z. https://t.co/w5V6KcsfN2
SÄ±nÄ±rlarÄ±mÄ±zÄ± terÃ¶r Ã¶rgÃ¼tlerine ve onlarÄ± maÅŸa olarak kullananlara teslim etmedik, etmeyeceÄŸiz. https://t.co/zV5Jz765yv